<?xml version="1.0" encoding="UTF-8"?>
<project-private xmlns="http://www.netbeans.org/ns/project-private/1">
    <editor-bookmarks xmlns="http://www.netbeans.org/ns/editor-bookmarks/2" lastBookmarkId="0"/>
    <open-files xmlns="http://www.netbeans.org/ns/projectui-open-files/2">
        <group>
            <file>file:/C:/Users/r/Documents/NetBeansProjects/RailwayTickets/src/Railway/userdetails.java</file>
            <file>file:/C:/Users/r/Documents/NetBeansProjects/RailwayTickets/src/Railway/ShowDetails.java</file>
            <file>file:/C:/Users/r/Documents/NetBeansProjects/RailwayTickets/src/Railway/CheckAvailable.java</file>
            <file>file:/C:/Users/r/Documents/NetBeansProjects/RailwayTickets/src/Railway/Login.java</file>
            <file>file:/C:/Users/r/Documents/NetBeansProjects/RailwayTickets/src/Railway/BookNow.java</file>
            <file>file:/C:/Users/r/Documents/NetBeansProjects/RailwayTickets/src/Railway/Main.java</file>
        </group>
    </open-files>
</project-private>
